0,1,2,3,4,5,6,7,character.id
Pelagos,Combat Meditation,Focusing Mantra,Cleansed Vestments,Ringing Clarity,Golden Path,Punish the Guilty,,151455559
Pelagos,Combat Meditation,Focusing Mantra,Cleansed Vestments,Ringing Clarity,Golden Path,Punish the Guilty,,183854727
Pelagos,Combat Meditation,Focusing Mantra,Cleansed Vestments,Ringing Clarity,Golden Path,Punish the Guilty,,242363131
Pelagos,Combat Meditation,Focusing Mantra,Cleansed Vestments,Ringing Clarity,Golden Path,Punish the Guilty,,192045964
Pelagos,Combat Meditation,Focusing Mantra,Cleansed Vestments,Ringing Clarity,Golden Path,Punish the Guilty,,243470491
Pelagos,Combat Meditation,Focusing Mantra,Cleansed Vestments,Ringing Clarity,Golden Path,Punish the Guilty,,199760651
Pelagos,Combat Meditation,Focusing Mantra,Cleansed Vestments,Ringing Clarity,Golden Path,Punish the Guilty,,170921071
Pelagos,Combat Meditation,Focusing Mantra,Cleansed Vestments,Ringing Clarity,Golden Path,Punish the Guilty,,167867313
Pelagos,Combat Meditation,Focusing Mantra,Cleansed Vestments,Ringing Clarity,Golden Path,Punish the Guilty,,200315419
Pelagos,Combat Meditation,Focusing Mantra,Cleansed Vestments,Ringing Clarity,Golden Path,Punish the Guilty,,202206009
Pelagos,Combat Meditation,Focusing Mantra,Cleansed Vestments,Ringing Clarity,Golden Path,Punish the Guilty,,192848564
Pelagos,Combat Meditation,Focusing Mantra,Cleansed Vestments,Ringing Clarity,Golden Path,Punish the Guilty,,108623248
Pelagos,Combat Meditation,Focusing Mantra,Cleansed Vestments,Ringing Clarity,Golden Path,Punish the Guilty,,165962447
Pelagos,Combat Meditation,Focusing Mantra,Cleansed Vestments,Ringing Clarity,Golden Path,Punish the Guilty,,242639633
Pelagos,Combat Meditation,Focusing Mantra,Cleansed Vestments,Ringing Clarity,Golden Path,Punish the Guilty,,162304832
Pelagos,Combat Meditation,Focusing Mantra,Cleansed Vestments,Ringing Clarity,Golden Path,Punish the Guilty,,166072875
Pelagos,Combat Meditation,Focusing Mantra,Cleansed Vestments,Ringing Clarity,Golden Path,Punish the Guilty,,149909347
Pelagos,Combat Meditation,Focusing Mantra,Cleansed Vestments,Ringing Clarity,Golden Path,Punish the Guilty,,208307745
Pelagos,Combat Meditation,Focusing Mantra,Cleansed Vestments,Ringing Clarity,Golden Path,Punish the Guilty,,197088645
Pelagos,Combat Meditation,Focusing Mantra,Cleansed Vestments,Ringing Clarity,Golden Path,Punish the Guilty,,155434096
Pelagos,Combat Meditation,Focusing Mantra,Cleansed Vestments,Ringing Clarity,Golden Path,Punish the Guilty,,154421564
Pelagos,Combat Meditation,Focusing Mantra,Cleansed Vestments,Ringing Clarity,Golden Path,Punish the Guilty,,202618704
Pelagos,Combat Meditation,Focusing Mantra,Cleansed Vestments,Ringing Clarity,Golden Path,Punish the Guilty,,127614775
Pelagos,Combat Meditation,Focusing Mantra,Cleansed Vestments,Ringing Clarity,Golden Path,Punish the Guilty,,95531352
Pelagos,Combat Meditation,Focusing Mantra,Cleansed Vestments,Ringing Clarity,Golden Path,Punish the Guilty,,200770670
Pelagos,Combat Meditation,Focusing Mantra,Cleansed Vestments,Ringing Clarity,Golden Path,Punish the Guilty,,187782739
Pelagos,Combat Meditation,Focusing Mantra,Cleansed Vestments,Ringing Clarity,Golden Path,Punish the Guilty,,171021881
Pelagos,Combat Meditation,Focusing Mantra,Cleansed Vestments,Ringing Clarity,Golden Path,Punish the Guilty,,162276416
Pelagos,Combat Meditation,Focusing Mantra,Cleansed Vestments,Ringing Clarity,Golden Path,Punish the Guilty,,98747733
Pelagos,Combat Meditation,Focusing Mantra,Cleansed Vestments,Ringing Clarity,Golden Path,Punish the Guilty,,167866814
Pelagos,Combat Meditation,Focusing Mantra,Cleansed Vestments,Ringing Clarity,Golden Path,Punish the Guilty,,172815899
Pelagos,Combat Meditation,Focusing Mantra,Cleansed Vestments,Ringing Clarity,Golden Path,Punish the Guilty,,171778567
Pelagos,Combat Meditation,Focusing Mantra,Cleansed Vestments,Ringing Clarity,Golden Path,Punish the Guilty,,165863612
Pelagos,Combat Meditation,Focusing Mantra,Cleansed Vestments,Ringing Clarity,Golden Path,Punish the Guilty,,103893255
Pelagos,Combat Meditation,Focusing Mantra,Cleansed Vestments,Ringing Clarity,Golden Path,Punish the Guilty,,137189961
Pelagos,Combat Meditation,Focusing Mantra,Cleansed Vestments,Ringing Clarity,Golden Path,Punish the Guilty,,154012532
Pelagos,Combat Meditation,Focusing Mantra,Cleansed Vestments,Ringing Clarity,Golden Path,Punish the Guilty,,179209063
Pelagos,Combat Meditation,Focusing Mantra,Cleansed Vestments,Ringing Clarity,Golden Path,Punish the Guilty,,241439269
Pelagos,Combat Meditation,Focusing Mantra,Cleansed Vestments,Ringing Clarity,Golden Path,Punish the Guilty,,95250066
Pelagos,Combat Meditation,Focusing Mantra,Cleansed Vestments,Ringing Clarity,Golden Path,Punish the Guilty,,192626407
Pelagos,Combat Meditation,Focusing Mantra,Cleansed Vestments,Ringing Clarity,Golden Path,Punish the Guilty,,241931171
Pelagos,Combat Meditation,Focusing Mantra,Cleansed Vestments,Ringing Clarity,Golden Path,Punish the Guilty,,243913682
Pelagos,Combat Meditation,Focusing Mantra,Cleansed Vestments,Ringing Clarity,Golden Path,Punish the Guilty,,173841613
Pelagos,Combat Meditation,Focusing Mantra,Cleansed Vestments,Ringing Clarity,Golden Path,Punish the Guilty,,133977194
Pelagos,Combat Meditation,Focusing Mantra,Cleansed Vestments,Ringing Clarity,Golden Path,Punish the Guilty,,183298990
Pelagos,Combat Meditation,Focusing Mantra,Cleansed Vestments,Ringing Clarity,Golden Path,Punish the Guilty,,165305474
Pelagos,Combat Meditation,Focusing Mantra,Cleansed Vestments,Ringing Clarity,Golden Path,Punish the Guilty,,156094384
Pelagos,Combat Meditation,Focusing Mantra,Cleansed Vestments,Ringing Clarity,Golden Path,Punish the Guilty,,174684035
Pelagos,Combat Meditation,Focusing Mantra,Cleansed Vestments,Ringing Clarity,Golden Path,Punish the Guilty,,196137091
Pelagos,Combat Meditation,Focusing Mantra,Cleansed Vestments,Ringing Clarity,Golden Path,Punish the Guilty,,192681831
Pelagos,Combat Meditation,Focusing Mantra,Cleansed Vestments,Ringing Clarity,Golden Path,Punish the Guilty,,172102928
Pelagos,Combat Meditation,Focusing Mantra,Cleansed Vestments,Ringing Clarity,Golden Path,Punish the Guilty,,138370560
Pelagos,Combat Meditation,Focusing Mantra,Cleansed Vestments,Ringing Clarity,Golden Path,Punish the Guilty,,243762459
Pelagos,Combat Meditation,Focusing Mantra,Cleansed Vestments,Ringing Clarity,Golden Path,Punish the Guilty,,150297577
Pelagos,Combat Meditation,Focusing Mantra,Cleansed Vestments,Ringing Clarity,Golden Path,Punish the Guilty,,185426758
Pelagos,Combat Meditation,Focusing Mantra,Cleansed Vestments,Ringing Clarity,Golden Path,Punish the Guilty,,246193645
Pelagos,Combat Meditation,Focusing Mantra,Cleansed Vestments,Ringing Clarity,Golden Path,Punish the Guilty,,134335026
Pelagos,Combat Meditation,Focusing Mantra,Cleansed Vestments,Ringing Clarity,Golden Path,Punish the Guilty,,247470179
Pelagos,Combat Meditation,Focusing Mantra,Cleansed Vestments,Ringing Clarity,Golden Path,Punish the Guilty,,173241199
Pelagos,Combat Meditation,Focusing Mantra,Cleansed Vestments,Ringing Clarity,Golden Path,Punish the Guilty,,196133658
Pelagos,Combat Meditation,Focusing Mantra,Cleansed Vestments,Ringing Clarity,Golden Path,Punish the Guilty,,83889130
Pelagos,Combat Meditation,Focusing Mantra,Cleansed Vestments,Ringing Clarity,Golden Path,Punish the Guilty,,172697800
Pelagos,Combat Meditation,Focusing Mantra,Cleansed Vestments,Ringing Clarity,Golden Path,Punish the Guilty,,18820223
Pelagos,Combat Meditation,Focusing Mantra,Cleansed Vestments,Ringing Clarity,Golden Path,Punish the Guilty,,157662037
Pelagos,Combat Meditation,Focusing Mantra,Cleansed Vestments,Ringing Clarity,Golden Path,Punish the Guilty,,118609313
Pelagos,Combat Meditation,Focusing Mantra,Cleansed Vestments,Ringing Clarity,Golden Path,Punish the Guilty,,190883503
Pelagos,Combat Meditation,Focusing Mantra,Cleansed Vestments,Ringing Clarity,Golden Path,Punish the Guilty,,156363333
Pelagos,Combat Meditation,Focusing Mantra,Cleansed Vestments,Ringing Clarity,Golden Path,Punish the Guilty,,52707176
Pelagos,Combat Meditation,Focusing Mantra,Cleansed Vestments,Ringing Clarity,Golden Path,Punish the Guilty,,115920321
Pelagos,Combat Meditation,Focusing Mantra,Cleansed Vestments,Ringing Clarity,Golden Path,Punish the Guilty,,139822585
Pelagos,Combat Meditation,Focusing Mantra,Cleansed Vestments,Ringing Clarity,Golden Path,Punish the Guilty,,175769732
Pelagos,Combat Meditation,Focusing Mantra,Cleansed Vestments,Ringing Clarity,Golden Path,Punish the Guilty,,242979823
Pelagos,Combat Meditation,Focusing Mantra,Cleansed Vestments,Ringing Clarity,Golden Path,Punish the Guilty,,98896425
Pelagos,Combat Meditation,Focusing Mantra,Cleansed Vestments,Ringing Clarity,Golden Path,Punish the Guilty,,178770969
Pelagos,Combat Meditation,Focusing Mantra,Cleansed Vestments,Ringing Clarity,Golden Path,Punish the Guilty,,158410236
Pelagos,Combat Meditation,Focusing Mantra,Cleansed Vestments,Ringing Clarity,Golden Path,Punish the Guilty,,195731446
Pelagos,Combat Meditation,Focusing Mantra,Cleansed Vestments,Ringing Clarity,Golden Path,Punish the Guilty,,165834377
Pelagos,Combat Meditation,Focusing Mantra,Cleansed Vestments,Ringing Clarity,Golden Path,Punish the Guilty,,62167088
Pelagos,Combat Meditation,Focusing Mantra,Cleansed Vestments,Ringing Clarity,Golden Path,Punish the Guilty,,162561989
Pelagos,Combat Meditation,Focusing Mantra,Cleansed Vestments,Ringing Clarity,Golden Path,Punish the Guilty,,200448903
Pelagos,Combat Meditation,Focusing Mantra,Cleansed Vestments,Ringing Clarity,Golden Path,Punish the Guilty,,202951751
Pelagos,Combat Meditation,Focusing Mantra,Cleansed Vestments,Ringing Clarity,Golden Path,Punish the Guilty,,66737729
Pelagos,Combat Meditation,Focusing Mantra,Cleansed Vestments,Ringing Clarity,Golden Path,Punish the Guilty,,175973019
Pelagos,Combat Meditation,Focusing Mantra,Cleansed Vestments,Ringing Clarity,Golden Path,Punish the Guilty,,181668374
Pelagos,Combat Meditation,Focusing Mantra,Cleansed Vestments,Ringing Clarity,Golden Path,Punish the Guilty,,247864670
Pelagos,Combat Meditation,Focusing Mantra,Cleansed Vestments,Ringing Clarity,Golden Path,Punish the Guilty,,150728464
Pelagos,Combat Meditation,Focusing Mantra,Cleansed Vestments,Ringing Clarity,Golden Path,Punish the Guilty,,188693204
Pelagos,Combat Meditation,Focusing Mantra,Cleansed Vestments,Ringing Clarity,Golden Path,Punish the Guilty,,199356372
Pelagos,Combat Meditation,Focusing Mantra,Cleansed Vestments,Ringing Clarity,Golden Path,Punish the Guilty,,174275919
Pelagos,Combat Meditation,Focusing Mantra,Cleansed Vestments,Ringing Clarity,Golden Path,Punish the Guilty,,142688558
Pelagos,Combat Meditation,Focusing Mantra,Cleansed Vestments,Ringing Clarity,Golden Path,Punish the Guilty,,40264151
Pelagos,Combat Meditation,Focusing Mantra,Cleansed Vestments,Ringing Clarity,Golden Path,Punish the Guilty,,41569423
Pelagos,Combat Meditation,Focusing Mantra,Cleansed Vestments,Ringing Clarity,Golden Path,Punish the Guilty,,145906867
Pelagos,Combat Meditation,Focusing Mantra,Cleansed Vestments,Ringing Clarity,Golden Path,Punish the Guilty,,191911674
Pelagos,Combat Meditation,Focusing Mantra,Cleansed Vestments,Ringing Clarity,Golden Path,Punish the Guilty,,242268740
Pelagos,Combat Meditation,Focusing Mantra,Cleansed Vestments,Ringing Clarity,Golden Path,Punish the Guilty,,114632965
Pelagos,Combat Meditation,Focusing Mantra,Cleansed Vestments,Ringing Clarity,Golden Path,Punish the Guilty,,201606331
Pelagos,Combat Meditation,Focusing Mantra,Cleansed Vestments,Ringing Clarity,Golden Path,Punish the Guilty,,202751165
Pelagos,Combat Meditation,Focusing Mantra,Cleansed Vestments,Ringing Clarity,Golden Path,Punish the Guilty,,72223974
Pelagos,Combat Meditation,Focusing Mantra,Cleansed Vestments,Ringing Clarity,Golden Path,Punish the Guilty,,201992719
Pelagos,Combat Meditation,Focusing Mantra,Cleansed Vestments,Ringing Clarity,Golden Path,Punish the Guilty,,176576209
Pelagos,Combat Meditation,Focusing Mantra,Cleansed Vestments,Ringing Clarity,Golden Path,Punish the Guilty,,244869765
Pelagos,Combat Meditation,Focusing Mantra,Cleansed Vestments,Ringing Clarity,Golden Path,Punish the Guilty,,159190657
Pelagos,Combat Meditation,Focusing Mantra,Cleansed Vestments,Ringing Clarity,Golden Path,Punish the Guilty,,98252115
Pelagos,Combat Meditation,Focusing Mantra,Cleansed Vestments,Ringing Clarity,Golden Path,Punish the Guilty,,137693709
Pelagos,Combat Meditation,Focusing Mantra,Cleansed Vestments,Ringing Clarity,Golden Path,Punish the Guilty,,163875207
Pelagos,Combat Meditation,Focusing Mantra,Cleansed Vestments,Ringing Clarity,Golden Path,Punish the Guilty,,245058110
Pelagos,Combat Meditation,Focusing Mantra,Cleansed Vestments,Ringing Clarity,Golden Path,Punish the Guilty,,36784623
Pelagos,Combat Meditation,Focusing Mantra,Cleansed Vestments,Ringing Clarity,Golden Path,Punish the Guilty,,226192940
Pelagos,Combat Meditation,Focusing Mantra,Cleansed Vestments,Ringing Clarity,Golden Path,Punish the Guilty,,245309210
Pelagos,Combat Meditation,Focusing Mantra,Cleansed Vestments,Ringing Clarity,Golden Path,Punish the Guilty,,167691526
Pelagos,Combat Meditation,Focusing Mantra,Cleansed Vestments,Ringing Clarity,Golden Path,Punish the Guilty,,161861621
Pelagos,Combat Meditation,Focusing Mantra,Cleansed Vestments,Ringing Clarity,Golden Path,Punish the Guilty,,172336374
Pelagos,Combat Meditation,Focusing Mantra,Cleansed Vestments,Ringing Clarity,Golden Path,Punish the Guilty,,188873798
Pelagos,Combat Meditation,Focusing Mantra,Cleansed Vestments,Ringing Clarity,Golden Path,Punish the Guilty,,156295926
Pelagos,Combat Meditation,Focusing Mantra,Cleansed Vestments,Ringing Clarity,Golden Path,Punish the Guilty,,174171892
Pelagos,Combat Meditation,Focusing Mantra,Cleansed Vestments,Ringing Clarity,Golden Path,Punish the Guilty,,200121611
Pelagos,Combat Meditation,Focusing Mantra,Cleansed Vestments,Ringing Clarity,Golden Path,Punish the Guilty,,155209419
Pelagos,Combat Meditation,Focusing Mantra,Cleansed Vestments,Ringing Clarity,Golden Path,Punish the Guilty,,151596611
Pelagos,Combat Meditation,Focusing Mantra,Cleansed Vestments,Ringing Clarity,Golden Path,Punish the Guilty,,148224739
Pelagos,Combat Meditation,Focusing Mantra,Cleansed Vestments,Ringing Clarity,Golden Path,Punish the Guilty,,195170751
Pelagos,Combat Meditation,Focusing Mantra,Cleansed Vestments,Ringing Clarity,Golden Path,Punish the Guilty,,165296752
Pelagos,Combat Meditation,Focusing Mantra,Cleansed Vestments,Ringing Clarity,Golden Path,Punish the Guilty,,161150944
Pelagos,Combat Meditation,Focusing Mantra,Cleansed Vestments,Ringing Clarity,Golden Path,Punish the Guilty,,242939413
Pelagos,Combat Meditation,Focusing Mantra,Cleansed Vestments,Ringing Clarity,Golden Path,Punish the Guilty,,173802273
Pelagos,Combat Meditation,Focusing Mantra,Cleansed Vestments,Ringing Clarity,Golden Path,Punish the Guilty,,188816907
Pelagos,Combat Meditation,Focusing Mantra,Cleansed Vestments,Ringing Clarity,Golden Path,Punish the Guilty,,197169175
Pelagos,Combat Meditation,Focusing Mantra,Cleansed Vestments,Ringing Clarity,Golden Path,Punish the Guilty,,173654774
Pelagos,Combat Meditation,Focusing Mantra,Cleansed Vestments,Ringing Clarity,Golden Path,Punish the Guilty,,153972997
Pelagos,Combat Meditation,Focusing Mantra,Cleansed Vestments,Ringing Clarity,Golden Path,Punish the Guilty,,65590541
Pelagos,Combat Meditation,Focusing Mantra,Cleansed Vestments,Ringing Clarity,Golden Path,Punish the Guilty,,190310367
Pelagos,Combat Meditation,Focusing Mantra,Cleansed Vestments,Ringing Clarity,Golden Path,Punish the Guilty,,188350280
Pelagos,Combat Meditation,Focusing Mantra,Cleansed Vestments,Ringing Clarity,Golden Path,Punish the Guilty,,192769228
Pelagos,Combat Meditation,Focusing Mantra,Cleansed Vestments,Ringing Clarity,Golden Path,Punish the Guilty,,110253365
Pelagos,Combat Meditation,Focusing Mantra,Cleansed Vestments,Ringing Clarity,Golden Path,Punish the Guilty,,188191517
Pelagos,Combat Meditation,Focusing Mantra,Cleansed Vestments,Ringing Clarity,Golden Path,Punish the Guilty,,63157196
Pelagos,Combat Meditation,Focusing Mantra,Cleansed Vestments,Ringing Clarity,Golden Path,Punish the Guilty,,172623062
Pelagos,Combat Meditation,Focusing Mantra,Cleansed Vestments,Ringing Clarity,Golden Path,Punish the Guilty,,124066849
Pelagos,Combat Meditation,Focusing Mantra,Cleansed Vestments,Ringing Clarity,Golden Path,Punish the Guilty,,161613941
Pelagos,Combat Meditation,Focusing Mantra,Cleansed Vestments,Ringing Clarity,Golden Path,Punish the Guilty,,186810033
Pelagos,Combat Meditation,Focusing Mantra,Cleansed Vestments,Ringing Clarity,Golden Path,Punish the Guilty,,243378506
Pelagos,Combat Meditation,Focusing Mantra,Cleansed Vestments,Ringing Clarity,Golden Path,Punish the Guilty,,67595897
Pelagos,Combat Meditation,Focusing Mantra,Cleansed Vestments,Ringing Clarity,Golden Path,Punish the Guilty,,166283697
Pelagos,Combat Meditation,Focusing Mantra,Cleansed Vestments,Ringing Clarity,Golden Path,Punish the Guilty,,126266752
Pelagos,Combat Meditation,Focusing Mantra,Cleansed Vestments,Ringing Clarity,Golden Path,Punish the Guilty,,177666996
Pelagos,Combat Meditation,Focusing Mantra,Cleansed Vestments,Ringing Clarity,Golden Path,Punish the Guilty,,111170653
Pelagos,Combat Meditation,Focusing Mantra,Cleansed Vestments,Ringing Clarity,Golden Path,Punish the Guilty,,182477163
Pelagos,Combat Meditation,Focusing Mantra,Cleansed Vestments,Ringing Clarity,Golden Path,Punish the Guilty,,188915400
Pelagos,Combat Meditation,Focusing Mantra,Cleansed Vestments,Ringing Clarity,Golden Path,Punish the Guilty,,164835819
Pelagos,Combat Meditation,Focusing Mantra,Cleansed Vestments,Ringing Clarity,Golden Path,Punish the Guilty,,177201981
Pelagos,Combat Meditation,Focusing Mantra,Cleansed Vestments,Ringing Clarity,Golden Path,Punish the Guilty,,176360167
Pelagos,Combat Meditation,Focusing Mantra,Cleansed Vestments,Ringing Clarity,Golden Path,Punish the Guilty,,90306483
Pelagos,Combat Meditation,Focusing Mantra,Cleansed Vestments,Ringing Clarity,Golden Path,Punish the Guilty,,163519387
Pelagos,Combat Meditation,Focusing Mantra,Cleansed Vestments,Ringing Clarity,Golden Path,Punish the Guilty,,181471965
Pelagos,Combat Meditation,Focusing Mantra,Cleansed Vestments,Ringing Clarity,Golden Path,Punish the Guilty,,243866593
Pelagos,Combat Meditation,Focusing Mantra,Cleansed Vestments,Ringing Clarity,Golden Path,Punish the Guilty,,116044800
Pelagos,Combat Meditation,Focusing Mantra,Cleansed Vestments,Ringing Clarity,Golden Path,Punish the Guilty,,247864670
Pelagos,Combat Meditation,Focusing Mantra,Cleansed Vestments,Ringing Clarity,Golden Path,Punish the Guilty,,176806731
Pelagos,Combat Meditation,Focusing Mantra,Cleansed Vestments,Ringing Clarity,Golden Path,Punish the Guilty,,243236695
Pelagos,Combat Meditation,Focusing Mantra,Cleansed Vestments,Ringing Clarity,Golden Path,Punish the Guilty,,104717668
Pelagos,Combat Meditation,Focusing Mantra,Cleansed Vestments,Ringing Clarity,Golden Path,Punish the Guilty,,112169433
Pelagos,Combat Meditation,Focusing Mantra,Cleansed Vestments,Ringing Clarity,Golden Path,Punish the Guilty,,209745323
Pelagos,Combat Meditation,Focusing Mantra,Cleansed Vestments,Ringing Clarity,Golden Path,Punish the Guilty,,157353119
Pelagos,Combat Meditation,Focusing Mantra,Cleansed Vestments,Ringing Clarity,Golden Path,Punish the Guilty,,164096650
Pelagos,Combat Meditation,Focusing Mantra,Cleansed Vestments,Ringing Clarity,Golden Path,Punish the Guilty,,192057866
Pelagos,Combat Meditation,Focusing Mantra,Cleansed Vestments,Ringing Clarity,Golden Path,Punish the Guilty,,156273928
Pelagos,Combat Meditation,Focusing Mantra,Cleansed Vestments,Ringing Clarity,Golden Path,Punish the Guilty,,195803253
Pelagos,Combat Meditation,Focusing Mantra,Cleansed Vestments,Ringing Clarity,Golden Path,Punish the Guilty,,111135416
Pelagos,Combat Meditation,Focusing Mantra,Cleansed Vestments,Ringing Clarity,Golden Path,Punish the Guilty,,163483160
Pelagos,Combat Meditation,Focusing Mantra,Cleansed Vestments,Ringing Clarity,Golden Path,Punish the Guilty,,115528707
Pelagos,Combat Meditation,Focusing Mantra,Cleansed Vestments,Ringing Clarity,Golden Path,Punish the Guilty,,135697800
Pelagos,Combat Meditation,Focusing Mantra,Cleansed Vestments,Ringing Clarity,Golden Path,Punish the Guilty,,178462040
Pelagos,Combat Meditation,Focusing Mantra,Cleansed Vestments,Ringing Clarity,Golden Path,Punish the Guilty,,176698524
Pelagos,Combat Meditation,Focusing Mantra,Cleansed Vestments,Ringing Clarity,Golden Path,Punish the Guilty,,177120717
Pelagos,Combat Meditation,Focusing Mantra,Cleansed Vestments,Ringing Clarity,Golden Path,Punish the Guilty,,158311249
Pelagos,Combat Meditation,Focusing Mantra,Cleansed Vestments,Ringing Clarity,Golden Path,Punish the Guilty,,175582296
Pelagos,Combat Meditation,Focusing Mantra,Cleansed Vestments,Ringing Clarity,Golden Path,Punish the Guilty,,166941979
Pelagos,Combat Meditation,Focusing Mantra,Cleansed Vestments,Ringing Clarity,Golden Path,Punish the Guilty,,80132304
Pelagos,Combat Meditation,Focusing Mantra,Cleansed Vestments,Ringing Clarity,Golden Path,Punish the Guilty,,114703205
Pelagos,Combat Meditation,Focusing Mantra,Cleansed Vestments,Ringing Clarity,Golden Path,Punish the Guilty,,156979527
Pelagos,Combat Meditation,Focusing Mantra,Cleansed Vestments,Ringing Clarity,Golden Path,Punish the Guilty,,195516073
Pelagos,Combat Meditation,Focusing Mantra,Cleansed Vestments,Ringing Clarity,Golden Path,Punish the Guilty,,174804328
Pelagos,Combat Meditation,Focusing Mantra,Cleansed Vestments,Ringing Clarity,Golden Path,Punish the Guilty,,194407697
Pelagos,Combat Meditation,Focusing Mantra,Cleansed Vestments,Ringing Clarity,Golden Path,Punish the Guilty,,165102759
Pelagos,Combat Meditation,Focusing Mantra,Cleansed Vestments,Ringing Clarity,Golden Path,Punish the Guilty,,81688057
Pelagos,Combat Meditation,Focusing Mantra,Cleansed Vestments,Ringing Clarity,Golden Path,Punish the Guilty,,73380864
Pelagos,Combat Meditation,Focusing Mantra,Cleansed Vestments,Ringing Clarity,Golden Path,Punish the Guilty,,194770582
Pelagos,Combat Meditation,Focusing Mantra,Cleansed Vestments,Ringing Clarity,Golden Path,Punish the Guilty,,176644890
Pelagos,Combat Meditation,Focusing Mantra,Cleansed Vestments,Ringing Clarity,Golden Path,Punish the Guilty,,38758167
Pelagos,Combat Meditation,Focusing Mantra,Cleansed Vestments,Ringing Clarity,Golden Path,Punish the Guilty,,209211183
Pelagos,Combat Meditation,Focusing Mantra,Cleansed Vestments,Ringing Clarity,Golden Path,Punish the Guilty,,177471144
Pelagos,Combat Meditation,Focusing Mantra,Cleansed Vestments,Ringing Clarity,Golden Path,Punish the Guilty,,139158862
Pelagos,Combat Meditation,Focusing Mantra,Cleansed Vestments,Ringing Clarity,Golden Path,Punish the Guilty,,169607486
Pelagos,Combat Meditation,Focusing Mantra,Cleansed Vestments,Ringing Clarity,Golden Path,Punish the Guilty,,176995816
Pelagos,Combat Meditation,Focusing Mantra,Cleansed Vestments,Ringing Clarity,Golden Path,Punish the Guilty,,193347475
Pelagos,Combat Meditation,Focusing Mantra,Cleansed Vestments,Ringing Clarity,Golden Path,Punish the Guilty,,167538332
Pelagos,Combat Meditation,Focusing Mantra,Cleansed Vestments,Ringing Clarity,Golden Path,Punish the Guilty,,197674303
Pelagos,Combat Meditation,Focusing Mantra,Cleansed Vestments,Ringing Clarity,Golden Path,Punish the Guilty,,166058520
Pelagos,Combat Meditation,Focusing Mantra,Cleansed Vestments,Ringing Clarity,Golden Path,Punish the Guilty,,242855357
Pelagos,Combat Meditation,Focusing Mantra,Cleansed Vestments,Ringing Clarity,Golden Path,Punish the Guilty,,184298291
Pelagos,Combat Meditation,Focusing Mantra,Cleansed Vestments,Ringing Clarity,Golden Path,Punish the Guilty,,176735102
Pelagos,Combat Meditation,Focusing Mantra,Cleansed Vestments,Ringing Clarity,Golden Path,Punish the Guilty,,175798760
Pelagos,Combat Meditation,Focusing Mantra,Cleansed Vestments,Ringing Clarity,Golden Path,Punish the Guilty,,175721864
Pelagos,Combat Meditation,Focusing Mantra,Cleansed Vestments,Ringing Clarity,Golden Path,Punish the Guilty,,193706919
Pelagos,Combat Meditation,Focusing Mantra,Cleansed Vestments,Ringing Clarity,Golden Path,Punish the Guilty,,156352303
Pelagos,Combat Meditation,Focusing Mantra,Cleansed Vestments,Ringing Clarity,Golden Path,Punish the Guilty,,166754709
Pelagos,Combat Meditation,Focusing Mantra,Cleansed Vestments,Ringing Clarity,Golden Path,Punish the Guilty,,176258513
Pelagos,Combat Meditation,Focusing Mantra,Cleansed Vestments,Ringing Clarity,Golden Path,Punish the Guilty,,95484374
Pelagos,Combat Meditation,Focusing Mantra,Cleansed Vestments,Ringing Clarity,Golden Path,Punish the Guilty,,165159780
Pelagos,Combat Meditation,Focusing Mantra,Cleansed Vestments,Ringing Clarity,Golden Path,Punish the Guilty,,200728727
Pelagos,Combat Meditation,Focusing Mantra,Cleansed Vestments,Ringing Clarity,Golden Path,Punish the Guilty,,113713921
Pelagos,Combat Meditation,Focusing Mantra,Cleansed Vestments,Ringing Clarity,Golden Path,Punish the Guilty,,202192068
Pelagos,Combat Meditation,Focusing Mantra,Cleansed Vestments,Ringing Clarity,Golden Path,Punish the Guilty,,245117475
Pelagos,Combat Meditation,Focusing Mantra,Cleansed Vestments,Ringing Clarity,Golden Path,Punish the Guilty,,188302871
Pelagos,Combat Meditation,Focusing Mantra,Cleansed Vestments,Ringing Clarity,Golden Path,Punish the Guilty,,96492417
Pelagos,Combat Meditation,Focusing Mantra,Cleansed Vestments,Ringing Clarity,Golden Path,Punish the Guilty,,116613516
Pelagos,Combat Meditation,Focusing Mantra,Cleansed Vestments,Ringing Clarity,Golden Path,Punish the Guilty,,119153292
Pelagos,Combat Meditation,Focusing Mantra,Cleansed Vestments,Ringing Clarity,Golden Path,Punish the Guilty,,198733669
Pelagos,Combat Meditation,Focusing Mantra,Cleansed Vestments,Ringing Clarity,Golden Path,Punish the Guilty,,245261828
Pelagos,Combat Meditation,Focusing Mantra,Cleansed Vestments,Ringing Clarity,Golden Path,Punish the Guilty,,180748302
Pelagos,Combat Meditation,Focusing Mantra,Cleansed Vestments,Ringing Clarity,Golden Path,Punish the Guilty,,44141527
Pelagos,Combat Meditation,Focusing Mantra,Cleansed Vestments,Ringing Clarity,Golden Path,Punish the Guilty,,175253993
Pelagos,Combat Meditation,Focusing Mantra,Cleansed Vestments,Ringing Clarity,Golden Path,Punish the Guilty,,201828137
Pelagos,Combat Meditation,Focusing Mantra,Cleansed Vestments,Ringing Clarity,Golden Path,Punish the Guilty,,164840523
Pelagos,Combat Meditation,Focusing Mantra,Cleansed Vestments,Ringing Clarity,Golden Path,Punish the Guilty,,164602514
Pelagos,Combat Meditation,Focusing Mantra,Cleansed Vestments,Ringing Clarity,Golden Path,Punish the Guilty,,247631101
Pelagos,Combat Meditation,Focusing Mantra,Cleansed Vestments,Ringing Clarity,Golden Path,Punish the Guilty,,180657290
Pelagos,Combat Meditation,Focusing Mantra,Cleansed Vestments,Ringing Clarity,Golden Path,Punish the Guilty,,195398094
Pelagos,Combat Meditation,Focusing Mantra,Cleansed Vestments,Ringing Clarity,Golden Path,Punish the Guilty,,76714138
Pelagos,Combat Meditation,Focusing Mantra,Cleansed Vestments,Ringing Clarity,Golden Path,Punish the Guilty,,23348325
Pelagos,Combat Meditation,Focusing Mantra,Cleansed Vestments,Ringing Clarity,Golden Path,Punish the Guilty,,190326717
Pelagos,Combat Meditation,Focusing Mantra,Cleansed Vestments,Ringing Clarity,Golden Path,Punish the Guilty,,172770813
Pelagos,Combat Meditation,Focusing Mantra,Cleansed Vestments,Ringing Clarity,Golden Path,Punish the Guilty,,156103505
Pelagos,Combat Meditation,Focusing Mantra,Cleansed Vestments,Ringing Clarity,Golden Path,Punish the Guilty,,141445649
Pelagos,Combat Meditation,Focusing Mantra,Cleansed Vestments,Ringing Clarity,Golden Path,Punish the Guilty,,246978378
Pelagos,Combat Meditation,Focusing Mantra,Cleansed Vestments,Ringing Clarity,Golden Path,Punish the Guilty,,38372178
Pelagos,Combat Meditation,Focusing Mantra,Cleansed Vestments,Ringing Clarity,Golden Path,Punish the Guilty,,195375648
Pelagos,Combat Meditation,Focusing Mantra,Cleansed Vestments,Ringing Clarity,Golden Path,Punish the Guilty,,191855645
Pelagos,Combat Meditation,Focusing Mantra,Cleansed Vestments,Ringing Clarity,Golden Path,Punish the Guilty,,176201426
Pelagos,Combat Meditation,Focusing Mantra,Cleansed Vestments,Ringing Clarity,Golden Path,Punish the Guilty,,123066735
Pelagos,Combat Meditation,Focusing Mantra,Cleansed Vestments,Ringing Clarity,Golden Path,Punish the Guilty,,162182888
Pelagos,Combat Meditation,Focusing Mantra,Cleansed Vestments,Ringing Clarity,Golden Path,Punish the Guilty,,158661428
Pelagos,Combat Meditation,Focusing Mantra,Cleansed Vestments,Ringing Clarity,Golden Path,Punish the Guilty,,202886880
Pelagos,Combat Meditation,Focusing Mantra,Cleansed Vestments,Ringing Clarity,Golden Path,Punish the Guilty,,245828891
Pelagos,Combat Meditation,Focusing Mantra,Cleansed Vestments,Ringing Clarity,Golden Path,Punish the Guilty,,244032512
Pelagos,Combat Meditation,Focusing Mantra,Cleansed Vestments,Ringing Clarity,Golden Path,Punish the Guilty,,170304573
Pelagos,Combat Meditation,Focusing Mantra,Cleansed Vestments,Ringing Clarity,Golden Path,Punish the Guilty,,175796751
Pelagos,Combat Meditation,Focusing Mantra,Cleansed Vestments,Ringing Clarity,Golden Path,Punish the Guilty,,226355394
Pelagos,Combat Meditation,Focusing Mantra,Cleansed Vestments,Ringing Clarity,Golden Path,Punish the Guilty,,83232907
Pelagos,Combat Meditation,Focusing Mantra,Cleansed Vestments,Ringing Clarity,Golden Path,Punish the Guilty,,130967872
Pelagos,Combat Meditation,Focusing Mantra,Cleansed Vestments,Ringing Clarity,Golden Path,Punish the Guilty,,193922696
Pelagos,Combat Meditation,Focusing Mantra,Cleansed Vestments,Ringing Clarity,Golden Path,Punish the Guilty,,175872617
Pelagos,Combat Meditation,Focusing Mantra,Cleansed Vestments,Ringing Clarity,Golden Path,Punish the Guilty,,199661360
Pelagos,Combat Meditation,Focusing Mantra,Cleansed Vestments,Ringing Clarity,Golden Path,Punish the Guilty,,241026765
Pelagos,Combat Meditation,Focusing Mantra,Cleansed Vestments,Ringing Clarity,Golden Path,Punish the Guilty,,133598143
Pelagos,Combat Meditation,Focusing Mantra,Cleansed Vestments,Ringing Clarity,Golden Path,Punish the Guilty,,191931367
Pelagos,Combat Meditation,Focusing Mantra,Cleansed Vestments,Ringing Clarity,Golden Path,Punish the Guilty,,239021495
Pelagos,Combat Meditation,Focusing Mantra,Cleansed Vestments,Ringing Clarity,Golden Path,Punish the Guilty,,240405568
Pelagos,Combat Meditation,Focusing Mantra,Cleansed Vestments,Ringing Clarity,Golden Path,Punish the Guilty,,240221435
Pelagos,Combat Meditation,Focusing Mantra,Cleansed Vestments,Ringing Clarity,Golden Path,Punish the Guilty,,177028711
Pelagos,Combat Meditation,Focusing Mantra,Cleansed Vestments,Ringing Clarity,Golden Path,Punish the Guilty,,172719113
Pelagos,Combat Meditation,Focusing Mantra,Cleansed Vestments,Ringing Clarity,Golden Path,Punish the Guilty,,181946047
Pelagos,Combat Meditation,Focusing Mantra,Cleansed Vestments,Ringing Clarity,Golden Path,Punish the Guilty,,175996733
Pelagos,Combat Meditation,Focusing Mantra,Cleansed Vestments,Ringing Clarity,Golden Path,Punish the Guilty,,102038052
Pelagos,Combat Meditation,Focusing Mantra,Cleansed Vestments,Ringing Clarity,Golden Path,Punish the Guilty,,150850433
Pelagos,Combat Meditation,Focusing Mantra,Cleansed Vestments,Ringing Clarity,Golden Path,Punish the Guilty,,16524690
Pelagos,Combat Meditation,Focusing Mantra,Cleansed Vestments,Ringing Clarity,Golden Path,Punish the Guilty,,187530121
Pelagos,Combat Meditation,Focusing Mantra,Cleansed Vestments,Ringing Clarity,Golden Path,Punish the Guilty,,191731388
Pelagos,Combat Meditation,Focusing Mantra,Cleansed Vestments,Ringing Clarity,Golden Path,Punish the Guilty,,147578997
Pelagos,Combat Meditation,Focusing Mantra,Cleansed Vestments,Ringing Clarity,Golden Path,Punish the Guilty,,246800580
Pelagos,Combat Meditation,Focusing Mantra,Cleansed Vestments,Ringing Clarity,Golden Path,Punish the Guilty,,201516298
Pelagos,Combat Meditation,Focusing Mantra,Cleansed Vestments,Ringing Clarity,Golden Path,Punish the Guilty,,199152184
Pelagos,Combat Meditation,Focusing Mantra,Cleansed Vestments,Ringing Clarity,Golden Path,Punish the Guilty,,154405274
Pelagos,Combat Meditation,Focusing Mantra,Cleansed Vestments,Ringing Clarity,Golden Path,Punish the Guilty,,106639733
Pelagos,Combat Meditation,Focusing Mantra,Cleansed Vestments,Ringing Clarity,Golden Path,Punish the Guilty,,159590330
Pelagos,Combat Meditation,Focusing Mantra,Cleansed Vestments,Ringing Clarity,Golden Path,Punish the Guilty,,156387163
Pelagos,Combat Meditation,Focusing Mantra,Cleansed Vestments,Ringing Clarity,Golden Path,Punish the Guilty,,120019768
Pelagos,Combat Meditation,Focusing Mantra,Cleansed Vestments,Ringing Clarity,Golden Path,Punish the Guilty,,110076509
Pelagos,Combat Meditation,Focusing Mantra,Cleansed Vestments,Ringing Clarity,Golden Path,Punish the Guilty,,160300425
Pelagos,Combat Meditation,Focusing Mantra,Cleansed Vestments,Ringing Clarity,Golden Path,Punish the Guilty,,193993366
Pelagos,Combat Meditation,Focusing Mantra,Cleansed Vestments,Ringing Clarity,Golden Path,Punish the Guilty,,164020040
Pelagos,Combat Meditation,Focusing Mantra,Cleansed Vestments,Ringing Clarity,Golden Path,Punish the Guilty,,186058769
Pelagos,Combat Meditation,Focusing Mantra,Cleansed Vestments,Ringing Clarity,Golden Path,Punish the Guilty,,101386919
Pelagos,Combat Meditation,Focusing Mantra,Cleansed Vestments,Ringing Clarity,Golden Path,Punish the Guilty,,26622189
Pelagos,Combat Meditation,Focusing Mantra,Cleansed Vestments,Ringing Clarity,Golden Path,Punish the Guilty,,197422506
Pelagos,Combat Meditation,Focusing Mantra,Cleansed Vestments,Ringing Clarity,Golden Path,Punish the Guilty,,98572179
Pelagos,Combat Meditation,Focusing Mantra,Cleansed Vestments,Ringing Clarity,Golden Path,Punish the Guilty,,203314971
Pelagos,Combat Meditation,Focusing Mantra,Cleansed Vestments,Ringing Clarity,Golden Path,Punish the Guilty,,139112608
Pelagos,Combat Meditation,Focusing Mantra,Cleansed Vestments,Ringing Clarity,Golden Path,Punish the Guilty,,153778146
Pelagos,Combat Meditation,Focusing Mantra,Cleansed Vestments,Ringing Clarity,Golden Path,Punish the Guilty,,195514678
Pelagos,Combat Meditation,Focusing Mantra,Cleansed Vestments,Ringing Clarity,Golden Path,Punish the Guilty,,104987278
Pelagos,Combat Meditation,Focusing Mantra,Cleansed Vestments,Ringing Clarity,Golden Path,Punish the Guilty,,197216684
Pelagos,Combat Meditation,Focusing Mantra,Cleansed Vestments,Ringing Clarity,Golden Path,Punish the Guilty,,176897232
Pelagos,Combat Meditation,Focusing Mantra,Cleansed Vestments,Ringing Clarity,Golden Path,Punish the Guilty,,123685290
Pelagos,Combat Meditation,Focusing Mantra,Cleansed Vestments,Ringing Clarity,Golden Path,Punish the Guilty,,177305449
Pelagos,Combat Meditation,Focusing Mantra,Cleansed Vestments,Ringing Clarity,Golden Path,Punish the Guilty,,173827844
Pelagos,Combat Meditation,Focusing Mantra,Cleansed Vestments,Ringing Clarity,Golden Path,Punish the Guilty,,169094090
Pelagos,Combat Meditation,Focusing Mantra,Cleansed Vestments,Ringing Clarity,Golden Path,Punish the Guilty,,163556336
Pelagos,Combat Meditation,Focusing Mantra,Cleansed Vestments,Ringing Clarity,Golden Path,Punish the Guilty,,90833227
Pelagos,Combat Meditation,Focusing Mantra,Cleansed Vestments,Ringing Clarity,Golden Path,Punish the Guilty,,176536703
Pelagos,Combat Meditation,Focusing Mantra,Cleansed Vestments,Ringing Clarity,Golden Path,Punish the Guilty,,105894907
Pelagos,Combat Meditation,Focusing Mantra,Cleansed Vestments,Ringing Clarity,Golden Path,Punish the Guilty,,59088983
Pelagos,Combat Meditation,Focusing Mantra,Cleansed Vestments,Ringing Clarity,Golden Path,Punish the Guilty,,174955209
Pelagos,Combat Meditation,Focusing Mantra,Cleansed Vestments,Ringing Clarity,Golden Path,Punish the Guilty,,158076754
Pelagos,Combat Meditation,Focusing Mantra,Cleansed Vestments,Ringing Clarity,Golden Path,Punish the Guilty,,225939240
Pelagos,Combat Meditation,Focusing Mantra,Cleansed Vestments,Ringing Clarity,Golden Path,Punish the Guilty,,243610457
Pelagos,Combat Meditation,Focusing Mantra,Cleansed Vestments,Ringing Clarity,Golden Path,Punish the Guilty,,243494891
Pelagos,Combat Meditation,Focusing Mantra,Cleansed Vestments,Ringing Clarity,Golden Path,Punish the Guilty,,154272059
Pelagos,Combat Meditation,Focusing Mantra,Cleansed Vestments,Ringing Clarity,Golden Path,Punish the Guilty,,133020133
Pelagos,Combat Meditation,Focusing Mantra,Cleansed Vestments,Ringing Clarity,Golden Path,Punish the Guilty,,145542859
Pelagos,Combat Meditation,Focusing Mantra,Cleansed Vestments,Ringing Clarity,Golden Path,Punish the Guilty,,169726299
Pelagos,Combat Meditation,Focusing Mantra,Cleansed Vestments,Ringing Clarity,Golden Path,Punish the Guilty,,128412996
Pelagos,Combat Meditation,Focusing Mantra,Cleansed Vestments,Ringing Clarity,Golden Path,Punish the Guilty,,162309211
Pelagos,Combat Meditation,Focusing Mantra,Cleansed Vestments,Ringing Clarity,Golden Path,Punish the Guilty,,80525482
Pelagos,Combat Meditation,Focusing Mantra,Cleansed Vestments,Ringing Clarity,Golden Path,Punish the Guilty,,174891056
Pelagos,Combat Meditation,Focusing Mantra,Cleansed Vestments,Ringing Clarity,Golden Path,Punish the Guilty,,183885727
Pelagos,Combat Meditation,Focusing Mantra,Cleansed Vestments,Ringing Clarity,Golden Path,Punish the Guilty,,161166557
Pelagos,Combat Meditation,Focusing Mantra,Cleansed Vestments,Ringing Clarity,Golden Path,Punish the Guilty,,166690033
Pelagos,Combat Meditation,Focusing Mantra,Cleansed Vestments,Ringing Clarity,Golden Path,Punish the Guilty,,244553462
Pelagos,Combat Meditation,Focusing Mantra,Cleansed Vestments,Ringing Clarity,Golden Path,Punish the Guilty,,196727694
Pelagos,Combat Meditation,Focusing Mantra,Cleansed Vestments,Ringing Clarity,Golden Path,Punish the Guilty,,166863982
Pelagos,Combat Meditation,Focusing Mantra,Cleansed Vestments,Ringing Clarity,Golden Path,Punish the Guilty,,243412402
Pelagos,Combat Meditation,Focusing Mantra,Cleansed Vestments,Ringing Clarity,Golden Path,Punish the Guilty,,137040626
Pelagos,Combat Meditation,Focusing Mantra,Cleansed Vestments,Ringing Clarity,Golden Path,Punish the Guilty,,141176681
Pelagos,Combat Meditation,Focusing Mantra,Cleansed Vestments,Ringing Clarity,Golden Path,Punish the Guilty,,167094485
Pelagos,Combat Meditation,Focusing Mantra,Cleansed Vestments,Ringing Clarity,Golden Path,Punish the Guilty,,175137079
Pelagos,Combat Meditation,Focusing Mantra,Cleansed Vestments,Ringing Clarity,Golden Path,Punish the Guilty,,169121051
Pelagos,Combat Meditation,Focusing Mantra,Cleansed Vestments,Ringing Clarity,Golden Path,Punish the Guilty,,157179263
Pelagos,Combat Meditation,Focusing Mantra,Cleansed Vestments,Ringing Clarity,Golden Path,Punish the Guilty,,208151952
Pelagos,Combat Meditation,Focusing Mantra,Cleansed Vestments,Ringing Clarity,Golden Path,Punish the Guilty,,79554345
Pelagos,Combat Meditation,Focusing Mantra,Cleansed Vestments,Ringing Clarity,Golden Path,Punish the Guilty,,176205827
Pelagos,Combat Meditation,Focusing Mantra,Cleansed Vestments,Ringing Clarity,Golden Path,Punish the Guilty,,193398690
Pelagos,Combat Meditation,Focusing Mantra,Cleansed Vestments,Ringing Clarity,Golden Path,Punish the Guilty,,225713693
Pelagos,Combat Meditation,Focusing Mantra,Cleansed Vestments,Ringing Clarity,Golden Path,Punish the Guilty,,173895547
Pelagos,Combat Meditation,Focusing Mantra,Cleansed Vestments,Ringing Clarity,Golden Path,Punish the Guilty,,139723203
Pelagos,Combat Meditation,Focusing Mantra,Cleansed Vestments,Ringing Clarity,Golden Path,Punish the Guilty,,241481850
Pelagos,Combat Meditation,Focusing Mantra,Cleansed Vestments,Ringing Clarity,Golden Path,Punish the Guilty,,197550361
Pelagos,Combat Meditation,Focusing Mantra,Cleansed Vestments,Ringing Clarity,Golden Path,Punish the Guilty,,149431574
Pelagos,Combat Meditation,Focusing Mantra,Cleansed Vestments,Ringing Clarity,Golden Path,Punish the Guilty,,246126056
Pelagos,Combat Meditation,Focusing Mantra,Cleansed Vestments,Ringing Clarity,Golden Path,Punish the Guilty,,67227600
Pelagos,Combat Meditation,Focusing Mantra,Cleansed Vestments,Ringing Clarity,Golden Path,Punish the Guilty,,168784801
Pelagos,Combat Meditation,Focusing Mantra,Cleansed Vestments,Ringing Clarity,Golden Path,Punish the Guilty,,237413017
Pelagos,Combat Meditation,Focusing Mantra,Cleansed Vestments,Ringing Clarity,Golden Path,Punish the Guilty,,86396058
Pelagos,Combat Meditation,Focusing Mantra,Cleansed Vestments,Ringing Clarity,Golden Path,Punish the Guilty,,106684712
Pelagos,Combat Meditation,Focusing Mantra,Cleansed Vestments,Ringing Clarity,Golden Path,Punish the Guilty,,197238808
Pelagos,Combat Meditation,Focusing Mantra,Cleansed Vestments,Ringing Clarity,Golden Path,Punish the Guilty,,132732156
Pelagos,Combat Meditation,Focusing Mantra,Cleansed Vestments,Ringing Clarity,Golden Path,Punish the Guilty,,103213339
Pelagos,Combat Meditation,Focusing Mantra,Cleansed Vestments,Ringing Clarity,Golden Path,Punish the Guilty,,164897424
Pelagos,Combat Meditation,Focusing Mantra,Cleansed Vestments,Ringing Clarity,Golden Path,Punish the Guilty,,244306031
